[{"uid":"blt20b043fa83235ada","content_type":"image/png","file_size":"5607","tags":[],"filename":"avatar_4.png","url":"https://images.contentstack.io/v3/assets/bltbfc481de4ed665dc/blt20b043fa83235ada/6042322611b2757515a82625/avatar_4.png","ACL":{},"is_dir":false,"_version":1,"title":"avatar_4.png","publish_details":[{"environment":"blt09da51fd77f4b4d6","locale":"en-us","time":"2021-03-05T13:29:11.844Z","user":"blt98f62022625b773c","version":1},{"environment":"blt9e54414c901c46fc","locale":"en-us","time":"2021-03-05T13:36:54.018Z","user":"blt215a9908477b47d0","version":1},{"environment":"blt9e54414c901c46fc","locale":"fr-fr","time":"2021-03-14T12:25:37.250Z","user":"blt215a9908477b47d0","version":1},{"environment":"blt9e54414c901c46fc","locale":"es-es","time":"2021-03-15T04:40:39.531Z","user":"blt215a9908477b47d0","version":1}]}]