[{"uid":"blteaf7cdff638b5d79","content_type":"image/jpeg","file_size":"301820","tags":[],"filename":"gaming1.jpg","url":"https://images.contentstack.io/v3/assets/bltbfc481de4ed665dc/blteaf7cdff638b5d79/6042328398db9a7ed94cd995/gaming1.jpg","ACL":{},"is_dir":false,"_version":1,"title":"gaming1.jpg","publish_details":[{"environment":"blt09da51fd77f4b4d6","locale":"en-us","time":"2021-03-05T13:30:44.944Z","user":"blt98f62022625b773c","version":1},{"environment":"blt9e54414c901c46fc","locale":"en-us","time":"2021-03-14T14:15:41.488Z","user":"blt215a9908477b47d0","version":1},{"environment":"blt9e54414c901c46fc","locale":"fr-fr","time":"2021-03-14T14:15:41.494Z","user":"blt215a9908477b47d0","version":1},{"environment":"blt9e54414c901c46fc","locale":"es-es","time":"2021-03-15T04:35:46.978Z","user":"blt215a9908477b47d0","version":1}]}]