[{"uid":"blt50f8d15fe17448a0","content_type":"image/jpeg","file_size":"1697671","tags":[],"filename":"foodBlog_post-compressed.jpg","url":"https://images.contentstack.io/v3/assets/bltbfc481de4ed665dc/blt50f8d15fe17448a0/60423240631ae3537be6fdc4/foodBlog_post-compressed.jpg","ACL":{},"is_dir":false,"_version":1,"title":"foodBlog_post.jpg","description":"","publish_details":[{"environment":"blt9e54414c901c46fc","locale":"en-us","time":"2021-03-05T13:36:53.982Z","user":"blt215a9908477b47d0","version":1}]}]