[{"uid":"blt400409d6c8100806","content_type":"image/png","file_size":"78256","tags":[],"filename":"gaming-blog-post.png","url":"https://images.contentstack.io/v3/assets/bltbfc481de4ed665dc/blt400409d6c8100806/60423272fee68f5f8014606e/gaming-blog-post.png","ACL":{},"is_dir":false,"parent_uid":null,"_version":1,"title":"gaming-blog-post.png","publish_details":[{"environment":"blt09da51fd77f4b4d6","locale":"en-us","time":"2021-03-05T13:30:28.041Z","user":"blt98f62022625b773c","version":1},{"environment":"blt9e54414c901c46fc","locale":"en-us","time":"2021-03-05T13:36:40.688Z","user":"blt215a9908477b47d0","version":1},{"environment":"blt9e54414c901c46fc","locale":"fr-fr","time":"2021-03-14T12:26:05.508Z","user":"blt215a9908477b47d0","version":1},{"environment":"blt9e54414c901c46fc","locale":"es-es","time":"2021-03-15T04:35:47.001Z","user":"blt215a9908477b47d0","version":1}]}]