{"blt09da51fd77f4b4d6":{"deploy_content":false,"servers":[],"urls":[{"url":"https://gatsby-starter-topaz.vercel.app","locale":"en-us"}],"name":"production","ACL":[],"_version":2,"created_by":"blt98f62022625b773c","updated_by":"blt98f62022625b773c","created_at":"2021-03-05T13:29:04.434Z","updated_at":"2021-03-05T13:29:04.434Z"},"blt9e54414c901c46fc":{"deploy_content":false,"servers":[],"urls":[{"url":"https://gatsby-starter-topaz.vercel.app","locale":"en-us"}],"name":"development","ACL":[],"_version":2,"created_by":"blt98f62022625b773c","updated_by":"blt98f62022625b773c","created_at":"2021-03-05T13:29:04.441Z","updated_at":"2021-03-05T13:29:04.441Z"}}