{"blt0e4232f9e6003795":{"title":"Header","tags":[],"locale":"en-us","ACL":{},"menu":[{"link":{"title":"Home","href":"/"},"_metadata":{"uid":"cseeba75ba6481c469"}},{"link":{"title":"Blogs","href":"/blogs"},"_metadata":{"uid":"cseca81b2e725e68cd"}}],"uid":"blt0e4232f9e6003795","created_by":"blt98f62022625b773c","updated_by":"blt98f62022625b773c","created_at":"2021-03-05T13:31:54.565Z","updated_at":"2021-03-05T13:31:54.565Z","_version":1,"_in_progress":false,"publish_details":[{"environment":"blt9e54414c901c46fc","locale":"es-es","time":"2021-03-15T04:29:04.568Z","user":"blt215a9908477b47d0","version":1},{"environment":"blt09da51fd77f4b4d6","locale":"en-us","time":"2021-03-05T13:32:29.330Z","user":"blt98f62022625b773c","version":1},{"environment":"blt9e54414c901c46fc","locale":"en-us","time":"2021-03-14T12:26:36.562Z","user":"blt215a9908477b47d0","version":1},{"environment":"blt9e54414c901c46fc","locale":"fr-fr","time":"2021-03-14T12:26:36.555Z","user":"blt215a9908477b47d0","version":1}]}}