{"blt0e4232f9e6003795":{"locale":"es-es","uid":"blt0e4232f9e6003795","ACL":{},"_in_progress":false,"_version":1,"created_at":"2021-03-15T04:28:59.505Z","created_by":"blt215a9908477b47d0","menu":[{"link":{"title":"Hogar","href":"/"},"_metadata":{"uid":"cs10204bf8c8236f8f"}},{"link":{"title":"Blogs","href":"/blogs"},"_metadata":{"uid":"cs254a012d56d0714d"}}],"tags":[],"title":"Header","updated_at":"2021-03-15T04:28:59.505Z","updated_by":"blt215a9908477b47d0","publish_details":[{"environment":"blt9e54414c901c46fc","locale":"es-es","time":"2021-03-15T04:29:04.568Z","user":"blt215a9908477b47d0","version":1}]}}