{"bltdd1bfc4082eaa882":{"title":"Home","url":"/","seo":{"meta_title":"Home","meta_description":"Description","meta_keywords":"Keywords"},"banner_description":"Description","tags":[],"locale":"en-us","ACL":{},"group":[{"title":"Contentstack(CMS)","_metadata":{"uid":"cs97cd9d0a04523f77"},"description":"<ul>\n<li>Superfast Headless CMS.</li>\n<li>REST APIs to deliver content to any channel such as websites, mobile apps, or devices.</li>\n<li>Developer and content editor are friendly.</li>\n</ul>"},{"title":"Gatsby","_metadata":{"uid":"cs240dd40e5b6bfdcc"},"description":"<ul>\n<li>Blazing-fast static site generator for React.</li>\n<li>Modern web tech without the headache.</li>\n<li>Static Progressive Web Apps.</li>\n<li>Gatsby Preview is awesome.</li>\n</ul>"}],"uid":"bltdd1bfc4082eaa882","created_by":"blt98f62022625b773c","updated_by":"blt215a9908477b47d0","created_at":"2021-03-05T13:31:53.041Z","updated_at":"2021-03-14T15:36:30.589Z","_version":5,"_in_progress":false,"banner":{"uid":"blt9aaccdcbc04a408c","created_at":"2021-03-05T13:29:45.662Z","updated_at":"2021-03-05T13:29:45.662Z","created_by":"blt98f62022625b773c","updated_by":"blt98f62022625b773c","content_type":"image/jpeg","file_size":"149882","tags":[],"filename":"Content&Gatsby.jpg","url":"https://images.contentstack.io/v3/assets/bltbfc481de4ed665dc/blt9aaccdcbc04a408c/6042324957a5bc36fd59823f/Content&Gatsby.jpg","ACL":[],"is_dir":false,"parent_uid":null,"_version":1,"title":"Content&Gatsby.jpg","publish_details":[{"environment":"blt9e54414c901c46fc","locale":"en-us","time":"2021-03-05T13:36:40.740Z","user":"blt215a9908477b47d0","version":1},{"environment":"blt09da51fd77f4b4d6","locale":"en-us","time":"2021-03-05T13:29:49.300Z","user":"blt98f62022625b773c","version":1},{"environment":"blt9e54414c901c46fc","locale":"fr-fr","time":"2021-03-14T12:27:22.397Z","user":"blt215a9908477b47d0","version":1},{"environment":"blt9e54414c901c46fc","locale":"es-es","time":"2021-03-15T04:24:34.097Z","user":"blt215a9908477b47d0","version":1}]},"publish_details":[{"environment":"blt9e54414c901c46fc","locale":"es-es","time":"2021-03-15T04:24:34.106Z","user":"blt215a9908477b47d0","version":1},{"environment":"blt9e54414c901c46fc","locale":"fr-fr","time":"2021-03-15T03:50:27.407Z","user":"blt215a9908477b47d0","version":1},{"environment":"blt9e54414c901c46fc","locale":"en-us","time":"2021-03-14T15:36:39.471Z","user":"blt215a9908477b47d0","version":5},{"environment":"blt09da51fd77f4b4d6","locale":"en-us","time":"2021-03-05T13:32:27.907Z","user":"blt98f62022625b773c","version":1}]}}