{"bltdd1bfc4082eaa882":{"locale":"es-es","uid":"bltdd1bfc4082eaa882","ACL":{},"_in_progress":false,"_version":1,"banner":{"uid":"blt9aaccdcbc04a408c","created_at":"2021-03-05T13:29:45.662Z","updated_at":"2021-03-05T13:29:45.662Z","created_by":"blt98f62022625b773c","updated_by":"blt98f62022625b773c","content_type":"image/jpeg","file_size":"149882","tags":[],"filename":"Content&Gatsby.jpg","url":"https://images.contentstack.io/v3/assets/bltbfc481de4ed665dc/blt9aaccdcbc04a408c/6042324957a5bc36fd59823f/Content&Gatsby.jpg","ACL":[],"is_dir":false,"parent_uid":null,"_version":1,"title":"Content&Gatsby.jpg","publish_details":[{"environment":"blt9e54414c901c46fc","locale":"en-us","time":"2021-03-05T13:36:40.740Z","user":"blt215a9908477b47d0","version":1},{"environment":"blt09da51fd77f4b4d6","locale":"en-us","time":"2021-03-05T13:29:49.300Z","user":"blt98f62022625b773c","version":1},{"environment":"blt9e54414c901c46fc","locale":"fr-fr","time":"2021-03-14T12:27:22.397Z","user":"blt215a9908477b47d0","version":1},{"environment":"blt9e54414c901c46fc","locale":"es-es","time":"2021-03-15T04:24:34.097Z","user":"blt215a9908477b47d0","version":1}]},"banner_description":"Description","created_at":"2021-03-15T04:24:07.155Z","created_by":"blt215a9908477b47d0","group":[{"title":"Contentstack(CMS)","_metadata":{"uid":"cs6f80a22963a9325b"},"description":"<ul>\n<li>CMS sin cabeza superrápido </li><li>API REST para entregar contenido a cualquier canal, como sitios web, aplicaciones móviles o dispositivos </li><li>El desarrollador y el editor de contenido son amigables. </li></ul>\n<p></p>"},{"title":"Gatsby","_metadata":{"uid":"cs0d2ffbbe8ee616a4"},"description":"<ul>\n<li>Generador de sitios estáticos ultrarrápidos para React </li>\n<li>Tecnología web moderna sin dolor de cabeza </li>\n<li>Aplicaciones web progresivas estáticas </li>\n<li>La vista previa de Gatsby es increíble </li>\n</ul>"}],"seo":{"meta_title":"Home","meta_description":"Description","meta_keywords":"Keywords"},"tags":[],"title":"Home","updated_at":"2021-03-15T04:24:07.155Z","updated_by":"blt215a9908477b47d0","url":"/","publish_details":[{"environment":"blt9e54414c901c46fc","locale":"es-es","time":"2021-03-15T04:24:34.106Z","user":"blt215a9908477b47d0","version":1}]}}