[{"uid":"blta291128651220065","content_type":"image/jpeg","file_size":"250411","tags":[],"filename":"travel-blog-2.jpg","url":"https://images.contentstack.io/v3/assets/bltbfc481de4ed665dc/blta291128651220065/60423250a4ec756df78d26a6/travel-blog-2.jpg","ACL":{},"is_dir":false,"parent_uid":null,"_version":1,"title":"travel-blog-2.jpg","publish_details":[{"environment":"blt09da51fd77f4b4d6","locale":"en-us","time":"2021-03-05T13:29:54.088Z","user":"blt98f62022625b773c","version":1},{"environment":"blt9e54414c901c46fc","locale":"en-us","time":"2021-03-05T13:36:40.732Z","user":"blt215a9908477b47d0","version":1},{"environment":"blt9e54414c901c46fc","locale":"fr-fr","time":"2021-03-14T12:26:05.524Z","user":"blt215a9908477b47d0","version":1},{"environment":"blt9e54414c901c46fc","locale":"es-es","time":"2021-03-15T04:36:49.691Z","user":"blt215a9908477b47d0","version":1}]}]