{"bltf0c387eed2c63818":{"title":"Footer","group":{"title":"LOCATION","address":"319, Chandansar Road Chandansar, Chandansar, Virar, Maharashtra 401305"},"social":{"title":"AROUND THE WEB","social_links":[{"link":{"title":"Facebook","href":"#"},"fontawesome_class":"fa fa-facebook","_metadata":{"uid":"csa25f0e2eb7e3b263"}},{"link":{"title":"Google Plus","href":"#"},"fontawesome_class":"fa fa-google-plus","_metadata":{"uid":"cs6ebec62cf1b2caf0"}},{"link":{"title":"Twitter","href":"#"},"fontawesome_class":"fa fa-twitter","_metadata":{"uid":"csf0cbb1fda9140dc1"}},{"link":{"title":"Linked In","href":"#"},"fontawesome_class":"fa fa-linkedin","_metadata":{"uid":"cs9af2c832b1dc347c"}},{"link":{"title":"Dribble","href":"#"},"fontawesome_class":"fa fa-dribbble","_metadata":{"uid":"csb71249e8bb917688"}}]},"copyright":"Copyright © Contentstack 2020","tags":[],"locale":"en-us","ACL":{},"uid":"bltf0c387eed2c63818","created_by":"blt98f62022625b773c","updated_by":"blt98f62022625b773c","created_at":"2021-03-05T13:31:56.018Z","updated_at":"2021-03-05T13:31:56.018Z","_version":1,"_in_progress":false,"publish_details":[{"environment":"blt9e54414c901c46fc","locale":"es-es","time":"2021-03-15T04:27:41.398Z","user":"blt215a9908477b47d0","version":1},{"environment":"blt09da51fd77f4b4d6","locale":"en-us","time":"2021-03-05T13:32:30.842Z","user":"blt98f62022625b773c","version":1},{"environment":"blt9e54414c901c46fc","locale":"en-us","time":"2021-03-14T12:26:22.631Z","user":"blt215a9908477b47d0","version":1},{"environment":"blt9e54414c901c46fc","locale":"fr-fr","time":"2021-03-14T12:26:22.622Z","user":"blt215a9908477b47d0","version":1}]}}