{"bltf0c387eed2c63818":{"locale":"es-es","uid":"bltf0c387eed2c63818","ACL":{},"_in_progress":false,"_version":1,"copyright":"Derechos de autor © Contentstack 2020","created_at":"2021-03-15T04:27:35.175Z","created_by":"blt215a9908477b47d0","group":{"title":"LOCALIZACIÓN","address":"319, Chandansar Road Chandansar, Chandansar, Virar, Maharashtra 401305"},"social":{"title":"ALREDEDOR DE LA WEB","social_links":[{"link":{"title":"Facebook","href":"#"},"_metadata":{"uid":"cs2e3d250a6f651632"},"fontawesome_class":"fa fa-facebook"},{"link":{"title":"Google Plus","href":"#"},"_metadata":{"uid":"cs2e98291172036af2"},"fontawesome_class":"fa fa-google-plus"},{"link":{"title":"Twitter","href":"#"},"_metadata":{"uid":"csf535f2a9d75fccbc"},"fontawesome_class":"fa fa-twitter"},{"link":{"title":"Linked In","href":"#"},"_metadata":{"uid":"cs9b7e39228784eb6c"},"fontawesome_class":"fa fa-linkedin"},{"link":{"title":"Dribble","href":"#"},"_metadata":{"uid":"csb5b839527419b853"},"fontawesome_class":"fa fa-dribbble"}]},"tags":[],"title":"Footer","updated_at":"2021-03-15T04:27:35.175Z","updated_by":"blt215a9908477b47d0","publish_details":[{"environment":"blt9e54414c901c46fc","locale":"es-es","time":"2021-03-15T04:27:41.398Z","user":"blt215a9908477b47d0","version":1}]}}