[{"uid":"bltbb41ac210cbb3582","content_type":"image/jpeg","file_size":"229341","tags":[],"filename":"travel-blog-1.jpg","url":"https://images.contentstack.io/v3/assets/bltbfc481de4ed665dc/bltbb41ac210cbb3582/6042326de3f18a72ca95e890/travel-blog-1.jpg","ACL":{},"is_dir":false,"parent_uid":null,"_version":1,"title":"travel-blog-1.jpg","publish_details":[{"environment":"blt9e54414c901c46fc","locale":"en-us","time":"2021-03-05T13:36:40.696Z","user":"blt215a9908477b47d0","version":1},{"environment":"blt09da51fd77f4b4d6","locale":"en-us","time":"2021-03-05T13:30:23.271Z","user":"blt98f62022625b773c","version":1},{"environment":"blt9e54414c901c46fc","locale":"fr-fr","time":"2021-03-14T12:26:05.515Z","user":"blt215a9908477b47d0","version":1},{"environment":"blt9e54414c901c46fc","locale":"es-es","time":"2021-03-15T04:36:49.683Z","user":"blt215a9908477b47d0","version":1}]}]