[{"uid":"blt9fa572afc69f0933","content_type":"image/jpeg","file_size":"257210","tags":[],"filename":"gaming5.jpg","url":"https://images.contentstack.io/v3/assets/bltbfc481de4ed665dc/blt9fa572afc69f0933/604232787987415e0d2aa891/gaming5.jpg","ACL":{},"is_dir":false,"_version":1,"title":"gaming5.jpg","publish_details":[{"environment":"blt09da51fd77f4b4d6","locale":"en-us","time":"2021-03-05T13:30:34.413Z","user":"blt98f62022625b773c","version":1},{"environment":"blt9e54414c901c46fc","locale":"en-us","time":"2021-03-05T13:36:40.680Z","user":"blt215a9908477b47d0","version":1},{"environment":"blt9e54414c901c46fc","locale":"fr-fr","time":"2021-03-14T12:26:05.501Z","user":"blt215a9908477b47d0","version":1},{"environment":"blt9e54414c901c46fc","locale":"es-es","time":"2021-03-15T04:35:46.994Z","user":"blt215a9908477b47d0","version":1}]}]