[{"uid":"bltb283f9a079ef2e64","content_type":"image/jpeg","file_size":"1139848","tags":[],"filename":"education.jpg","url":"https://images.contentstack.io/v3/assets/bltbfc481de4ed665dc/bltb283f9a079ef2e64/604232399efd3a78bf8a2a79/education.jpg","ACL":{},"is_dir":false,"_version":1,"title":"education.jpg","publish_details":[{"environment":"blt9e54414c901c46fc","locale":"en-us","time":"2021-03-05T13:36:53.991Z","user":"blt215a9908477b47d0","version":1},{"environment":"blt09da51fd77f4b4d6","locale":"en-us","time":"2021-03-05T13:29:31.129Z","user":"blt98f62022625b773c","version":1},{"environment":"blt9e54414c901c46fc","locale":"fr-fr","time":"2021-03-14T12:26:05.472Z","user":"blt215a9908477b47d0","version":1},{"environment":"blt9e54414c901c46fc","locale":"es-es","time":"2021-03-15T04:33:40.454Z","user":"blt215a9908477b47d0","version":1}]}]