[{"uid":"blta05ac6a909dd9f42","content_type":"image/jpeg","file_size":"42053","tags":[],"filename":"sports-blog-post.jpg","url":"https://images.contentstack.io/v3/assets/bltbfc481de4ed665dc/blta05ac6a909dd9f42/6042328670dd84690f201dc8/sports-blog-post.jpg","ACL":{},"is_dir":false,"_version":1,"title":"sports-blog-post.jpg","publish_details":[{"environment":"blt9e54414c901c46fc","locale":"en-us","time":"2021-03-14T14:15:41.477Z","user":"blt215a9908477b47d0","version":1},{"environment":"blt09da51fd77f4b4d6","locale":"en-us","time":"2021-03-05T13:30:48.754Z","user":"blt98f62022625b773c","version":1},{"environment":"blt9e54414c901c46fc","locale":"fr-fr","time":"2021-03-14T14:15:41.483Z","user":"blt215a9908477b47d0","version":1},{"environment":"blt9e54414c901c46fc","locale":"es-es","time":"2021-03-15T04:31:18.733Z","user":"blt215a9908477b47d0","version":1}]}]