[{"uid":"blta1cbaf6187e45549","content_type":"image/jpeg","file_size":"20851","tags":[],"filename":"avatar_3.jpg","url":"https://images.contentstack.io/v3/assets/bltbfc481de4ed665dc/blta1cbaf6187e45549/604232a161e5336e1958f491/avatar_3.jpg","ACL":{},"is_dir":false,"parent_uid":null,"_version":1,"title":"avatar_3.jpg","publish_details":[{"environment":"blt09da51fd77f4b4d6","locale":"en-us","time":"2021-03-05T13:31:15.439Z","user":"blt98f62022625b773c","version":1},{"environment":"blt9e54414c901c46fc","locale":"en-us","time":"2021-03-14T14:15:41.398Z","user":"blt215a9908477b47d0","version":1},{"environment":"blt9e54414c901c46fc","locale":"fr-fr","time":"2021-03-14T14:15:41.404Z","user":"blt215a9908477b47d0","version":1},{"environment":"blt9e54414c901c46fc","locale":"es-es","time":"2021-03-15T04:40:39.525Z","user":"blt215a9908477b47d0","version":1}]}]