[{"uid":"blt9a12a88459328fb0","content_type":"image/jpeg","file_size":"87681","tags":[],"filename":"blog-list-hero-banner.jpg","url":"https://images.contentstack.io/v3/assets/bltbfc481de4ed665dc/blt9a12a88459328fb0/6042329487a2cc72cd325369/blog-list-hero-banner.jpg","ACL":{},"is_dir":false,"parent_uid":null,"_version":1,"title":"blog-list-hero-banner.jpg","publish_details":[{"environment":"blt9e54414c901c46fc","locale":"en-us","time":"2021-03-14T14:15:41.435Z","user":"blt215a9908477b47d0","version":1},{"environment":"blt9e54414c901c46fc","locale":"fr-fr","time":"2021-03-14T14:15:41.442Z","user":"blt215a9908477b47d0","version":1}]}]