[{"uid":"blte73b5263f3bc6a6a","content_type":"image/png","file_size":"208958","tags":[],"filename":"gatsby-starter-home.png","url":"https://images.contentstack.io/v3/assets/bltbfc481de4ed665dc/blte73b5263f3bc6a6a/60423291274a0c41707d3ebf/gatsby-starter-home.png","ACL":{},"is_dir":false,"parent_uid":null,"_version":1,"title":"gatsby-starter-home.png","publish_details":[{"environment":"blt9e54414c901c46fc","locale":"en-us","time":"2021-03-14T14:15:41.449Z","user":"blt215a9908477b47d0","version":1},{"environment":"blt9e54414c901c46fc","locale":"fr-fr","time":"2021-03-14T14:15:41.456Z","user":"blt215a9908477b47d0","version":1}]}]