[{"uid":"blt40d18b394de1774c","content_type":"image/jpeg","file_size":"253305","tags":[],"filename":"gaming2.jpg","url":"https://images.contentstack.io/v3/assets/bltbfc481de4ed665dc/blt40d18b394de1774c/6042325587a2cc72cd325365/gaming2.jpg","ACL":{},"is_dir":false,"parent_uid":null,"_version":1,"title":"gaming2.jpg","publish_details":[{"environment":"blt9e54414c901c46fc","locale":"en-us","time":"2021-03-05T13:36:40.724Z","user":"blt215a9908477b47d0","version":1},{"environment":"blt09da51fd77f4b4d6","locale":"en-us","time":"2021-03-05T13:29:59.457Z","user":"blt98f62022625b773c","version":1},{"environment":"blt9e54414c901c46fc","locale":"fr-fr","time":"2021-03-14T12:26:05.494Z","user":"blt215a9908477b47d0","version":1},{"environment":"blt9e54414c901c46fc","locale":"es-es","time":"2021-03-15T04:35:46.986Z","user":"blt215a9908477b47d0","version":1}]}]