[{"uid":"bltf1a7bb735d9b835d","content_type":"image/jpeg","file_size":"1800322","tags":[],"filename":"eugenio-mazzone-6ywyo2qtaZ8-unsplash-compressed.jpg","url":"https://images.contentstack.io/v3/assets/bltbfc481de4ed665dc/bltf1a7bb735d9b835d/60423232f7f2cd70e9eb3463/eugenio-mazzone-6ywyo2qtaZ8-unsplash-compressed.jpg","ACL":{},"is_dir":false,"parent_uid":null,"_version":1,"title":"eugenio-mazzone-6ywyo2qtaZ8-unsplash.jpg","description":"","publish_details":[{"environment":"blt9e54414c901c46fc","locale":"en-us","time":"2021-03-05T13:36:53.999Z","user":"blt215a9908477b47d0","version":1}]}]