[{"uid":"bltea6f7a06d7f7a866","content_type":"image/png","file_size":"43632","tags":[],"filename":"screencapture-contentstack-gatsby-starter-herokuapp-2020-08-31-18_43_26.png","url":"https://images.contentstack.io/v3/assets/bltbfc481de4ed665dc/bltea6f7a06d7f7a866/60423245d610b462fe821254/screencapture-contentstack-gatsby-starter-herokuapp-2020-08-31-18_43_26.png","ACL":{},"is_dir":false,"_version":1,"title":"screencapture-contentstack-gatsby-starter-herokuapp-2020-08-31-18_43_26.png","publish_details":[{"environment":"blt9e54414c901c46fc","locale":"en-us","time":"2021-03-05T13:36:40.747Z","user":"blt215a9908477b47d0","version":1}]}]