[{"uid":"blt9aaccdcbc04a408c","content_type":"image/jpeg","file_size":"149882","tags":[],"filename":"Content&Gatsby.jpg","url":"https://images.contentstack.io/v3/assets/bltbfc481de4ed665dc/blt9aaccdcbc04a408c/6042324957a5bc36fd59823f/Content&Gatsby.jpg","ACL":{},"is_dir":false,"parent_uid":null,"_version":1,"title":"Content&Gatsby.jpg","publish_details":[{"environment":"blt9e54414c901c46fc","locale":"en-us","time":"2021-03-05T13:36:40.740Z","user":"blt215a9908477b47d0","version":1},{"environment":"blt09da51fd77f4b4d6","locale":"en-us","time":"2021-03-05T13:29:49.300Z","user":"blt98f62022625b773c","version":1},{"environment":"blt9e54414c901c46fc","locale":"fr-fr","time":"2021-03-14T12:27:22.397Z","user":"blt215a9908477b47d0","version":1},{"environment":"blt9e54414c901c46fc","locale":"es-es","time":"2021-03-15T04:24:34.097Z","user":"blt215a9908477b47d0","version":1}]}]