[{"uid":"blt9fb576686a3c5764","content_type":"image/jpeg","file_size":"119696","tags":[],"filename":"food-blog-banner.jpg","url":"https://images.contentstack.io/v3/assets/bltbfc481de4ed665dc/blt9fb576686a3c5764/6042328d627a9e2322c0451c/food-blog-banner.jpg","ACL":{},"is_dir":false,"_version":1,"title":"food-blog-banner.jpg","publish_details":[{"environment":"blt09da51fd77f4b4d6","locale":"en-us","time":"2021-03-05T13:30:54.919Z","user":"blt98f62022625b773c","version":1},{"environment":"blt9e54414c901c46fc","locale":"en-us","time":"2021-03-14T14:15:41.463Z","user":"blt215a9908477b47d0","version":1},{"environment":"blt9e54414c901c46fc","locale":"fr-fr","time":"2021-03-14T14:15:41.470Z","user":"blt215a9908477b47d0","version":1},{"environment":"blt9e54414c901c46fc","locale":"es-es","time":"2021-03-15T04:32:28.911Z","user":"blt215a9908477b47d0","version":1}]}]