{"blta1cbaf6187e45549":{"uid":"blta1cbaf6187e45549","content_type":"image/jpeg","file_size":"20851","tags":[],"filename":"avatar_3.jpg","url":"https://images.contentstack.io/v3/assets/bltbfc481de4ed665dc/blta1cbaf6187e45549/604232a161e5336e1958f491/avatar_3.jpg","ACL":{"roles":[],"others":{"read":false,"create":false,"update":false,"delete":false,"sub_acl":{"read":false,"create":false,"update":false,"delete":false,"publish":false}}},"is_dir":false,"parent_uid":null,"_version":1,"title":"avatar_3.jpg","publish_details":[{"environment":"blt09da51fd77f4b4d6","locale":"en-us","time":"2021-03-05T13:31:15.439Z","user":"blt98f62022625b773c","version":1},{"environment":"blt9e54414c901c46fc","locale":"en-us","time":"2021-03-14T14:15:41.398Z","user":"blt215a9908477b47d0","version":1},{"environment":"blt9e54414c901c46fc","locale":"fr-fr","time":"2021-03-14T14:15:41.404Z","user":"blt215a9908477b47d0","version":1},{"environment":"blt9e54414c901c46fc","locale":"es-es","time":"2021-03-15T04:40:39.525Z","user":"blt215a9908477b47d0","version":1}]},"blt7348834ac0081289":{"uid":"blt7348834ac0081289","content_type":"image/jpeg","file_size":"20851","tags":[],"filename":"avatar_3.jpg","url":"https://images.contentstack.io/v3/assets/bltbfc481de4ed665dc/blt7348834ac0081289/604232a55ebf8220d5063638/avatar_3.jpg","ACL":{"roles":[],"others":{"read":false,"create":false,"update":false,"delete":false,"sub_acl":{"read":false,"create":false,"update":false,"delete":false,"publish":false}}},"is_dir":false,"_version":1,"title":"avatar_3.jpg","publish_details":[{"environment":"blt9e54414c901c46fc","locale":"en-us","time":"2021-03-14T14:15:41.383Z","user":"blt215a9908477b47d0","version":1},{"environment":"blt09da51fd77f4b4d6","locale":"en-us","time":"2021-03-05T13:31:18.889Z","user":"blt98f62022625b773c","version":1},{"environment":"blt9e54414c901c46fc","locale":"fr-fr","time":"2021-03-14T14:15:41.391Z","user":"blt215a9908477b47d0","version":1},{"environment":"blt9e54414c901c46fc","locale":"es-es","time":"2021-03-15T04:40:39.512Z","user":"blt215a9908477b47d0","version":1}]},"blt95d55e7a43eec73f":{"uid":"blt95d55e7a43eec73f","content_type":"image/jpeg","file_size":"39133","tags":[],"filename":"travel-blog-banner.jpg","url":"https://images.contentstack.io/v3/assets/bltbfc481de4ed665dc/blt95d55e7a43eec73f/6042329d436c51755b6dd917/travel-blog-banner.jpg","ACL":{"roles":[],"others":{"read":false,"create":false,"update":false,"delete":false,"sub_acl":{"read":false,"create":false,"update":false,"delete":false,"publish":false}}},"is_dir":false,"_version":1,"title":"travel-blog-banner.jpg","publish_details":[{"environment":"blt9e54414c901c46fc","locale":"en-us","time":"2021-03-14T14:15:41.410Z","user":"blt215a9908477b47d0","version":1},{"environment":"blt09da51fd77f4b4d6","locale":"en-us","time":"2021-03-05T13:31:11.927Z","user":"blt98f62022625b773c","version":1},{"environment":"blt9e54414c901c46fc","locale":"fr-fr","time":"2021-03-14T14:15:41.417Z","user":"blt215a9908477b47d0","version":1},{"environment":"blt9e54414c901c46fc","locale":"es-es","time":"2021-03-15T04:36:49.708Z","user":"blt215a9908477b47d0","version":1}]},"blt9a12a88459328fb0":{"uid":"blt9a12a88459328fb0","content_type":"image/jpeg","file_size":"87681","tags":[],"filename":"blog-list-hero-banner.jpg","url":"https://images.contentstack.io/v3/assets/bltbfc481de4ed665dc/blt9a12a88459328fb0/6042329487a2cc72cd325369/blog-list-hero-banner.jpg","ACL":{"roles":[],"others":{"read":false,"create":false,"update":false,"delete":false,"sub_acl":{"read":false,"create":false,"update":false,"delete":false,"publish":false}}},"is_dir":false,"parent_uid":null,"_version":1,"title":"blog-list-hero-banner.jpg","publish_details":[{"environment":"blt9e54414c901c46fc","locale":"en-us","time":"2021-03-14T14:15:41.435Z","user":"blt215a9908477b47d0","version":1},{"environment":"blt9e54414c901c46fc","locale":"fr-fr","time":"2021-03-14T14:15:41.442Z","user":"blt215a9908477b47d0","version":1}]},"blt7aa9aa45ff09bacd":{"uid":"blt7aa9aa45ff09bacd","content_type":"image/png","file_size":"63303","tags":[],"filename":"avatar_5.png","url":"https://images.contentstack.io/v3/assets/bltbfc481de4ed665dc/blt7aa9aa45ff09bacd/60423299907915409d454fd0/avatar_5.png","ACL":{"roles":[],"others":{"read":false,"create":false,"update":false,"delete":false,"sub_acl":{"read":false,"create":false,"update":false,"delete":false,"publish":false}}},"is_dir":false,"parent_uid":null,"_version":1,"title":"avatar_5.png","publish_details":[{"environment":"blt9e54414c901c46fc","locale":"en-us","time":"2021-03-14T14:15:41.423Z","user":"blt215a9908477b47d0","version":1},{"environment":"blt09da51fd77f4b4d6","locale":"en-us","time":"2021-03-05T13:31:07.375Z","user":"blt98f62022625b773c","version":1},{"environment":"blt9e54414c901c46fc","locale":"fr-fr","time":"2021-03-14T14:15:41.429Z","user":"blt215a9908477b47d0","version":1},{"environment":"blt9e54414c901c46fc","locale":"es-es","time":"2021-03-15T04:40:39.505Z","user":"blt215a9908477b47d0","version":1}]},"bltea6f7a06d7f7a866":{"uid":"bltea6f7a06d7f7a866","content_type":"image/png","file_size":"43632","tags":[],"filename":"screencapture-contentstack-gatsby-starter-herokuapp-2020-08-31-18_43_26.png","url":"https://images.contentstack.io/v3/assets/bltbfc481de4ed665dc/bltea6f7a06d7f7a866/60423245d610b462fe821254/screencapture-contentstack-gatsby-starter-herokuapp-2020-08-31-18_43_26.png","ACL":{"roles":[],"others":{"read":false,"create":false,"update":false,"delete":false,"sub_acl":{"read":false,"create":false,"update":false,"delete":false,"publish":false}}},"is_dir":false,"_version":1,"title":"screencapture-contentstack-gatsby-starter-herokuapp-2020-08-31-18_43_26.png","publish_details":[{"environment":"blt9e54414c901c46fc","locale":"en-us","time":"2021-03-05T13:36:40.747Z","user":"blt215a9908477b47d0","version":1}]},"blt9aaccdcbc04a408c":{"uid":"blt9aaccdcbc04a408c","content_type":"image/jpeg","file_size":"149882","tags":[],"filename":"Content&Gatsby.jpg","url":"https://images.contentstack.io/v3/assets/bltbfc481de4ed665dc/blt9aaccdcbc04a408c/6042324957a5bc36fd59823f/Content&Gatsby.jpg","ACL":{"roles":[],"others":{"read":false,"create":false,"update":false,"delete":false,"sub_acl":{"read":false,"create":false,"update":false,"delete":false,"publish":false}}},"is_dir":false,"parent_uid":null,"_version":1,"title":"Content&Gatsby.jpg","publish_details":[{"environment":"blt9e54414c901c46fc","locale":"en-us","time":"2021-03-05T13:36:40.740Z","user":"blt215a9908477b47d0","version":1},{"environment":"blt09da51fd77f4b4d6","locale":"en-us","time":"2021-03-05T13:29:49.300Z","user":"blt98f62022625b773c","version":1},{"environment":"blt9e54414c901c46fc","locale":"fr-fr","time":"2021-03-14T12:27:22.397Z","user":"blt215a9908477b47d0","version":1},{"environment":"blt9e54414c901c46fc","locale":"es-es","time":"2021-03-15T04:24:34.097Z","user":"blt215a9908477b47d0","version":1}]},"blta291128651220065":{"uid":"blta291128651220065","content_type":"image/jpeg","file_size":"250411","tags":[],"filename":"travel-blog-2.jpg","url":"https://images.contentstack.io/v3/assets/bltbfc481de4ed665dc/blta291128651220065/60423250a4ec756df78d26a6/travel-blog-2.jpg","ACL":{"roles":[],"others":{"read":false,"create":false,"update":false,"delete":false,"sub_acl":{"read":false,"create":false,"update":false,"delete":false,"publish":false}}},"is_dir":false,"parent_uid":null,"_version":1,"title":"travel-blog-2.jpg","publish_details":[{"environment":"blt09da51fd77f4b4d6","locale":"en-us","time":"2021-03-05T13:29:54.088Z","user":"blt98f62022625b773c","version":1},{"environment":"blt9e54414c901c46fc","locale":"en-us","time":"2021-03-05T13:36:40.732Z","user":"blt215a9908477b47d0","version":1},{"environment":"blt9e54414c901c46fc","locale":"fr-fr","time":"2021-03-14T12:26:05.524Z","user":"blt215a9908477b47d0","version":1},{"environment":"blt9e54414c901c46fc","locale":"es-es","time":"2021-03-15T04:36:49.691Z","user":"blt215a9908477b47d0","version":1}]},"blt40d18b394de1774c":{"uid":"blt40d18b394de1774c","content_type":"image/jpeg","file_size":"253305","tags":[],"filename":"gaming2.jpg","url":"https://images.contentstack.io/v3/assets/bltbfc481de4ed665dc/blt40d18b394de1774c/6042325587a2cc72cd325365/gaming2.jpg","ACL":{"roles":[],"others":{"read":false,"create":false,"update":false,"delete":false,"sub_acl":{"read":false,"create":false,"update":false,"delete":false,"publish":false}}},"is_dir":false,"parent_uid":null,"_version":1,"title":"gaming2.jpg","publish_details":[{"environment":"blt9e54414c901c46fc","locale":"en-us","time":"2021-03-05T13:36:40.724Z","user":"blt215a9908477b47d0","version":1},{"environment":"blt09da51fd77f4b4d6","locale":"en-us","time":"2021-03-05T13:29:59.457Z","user":"blt98f62022625b773c","version":1},{"environment":"blt9e54414c901c46fc","locale":"fr-fr","time":"2021-03-14T12:26:05.494Z","user":"blt215a9908477b47d0","version":1},{"environment":"blt9e54414c901c46fc","locale":"es-es","time":"2021-03-15T04:35:46.986Z","user":"blt215a9908477b47d0","version":1}]},"blt671db89d5b5c5eb6":{"uid":"blt671db89d5b5c5eb6","content_type":"image/jpeg","file_size":"57312","tags":[],"filename":"travel-blog-3.jpg","url":"https://images.contentstack.io/v3/assets/bltbfc481de4ed665dc/blt671db89d5b5c5eb6/604232612f18d9430550c3c6/travel-blog-3.jpg","ACL":{"roles":[],"others":{"read":false,"create":false,"update":false,"delete":false,"sub_acl":{"read":false,"create":false,"update":false,"delete":false,"publish":false}}},"is_dir":false,"_version":1,"title":"travel-blog-3.jpg","publish_details":[{"environment":"blt09da51fd77f4b4d6","locale":"en-us","time":"2021-03-05T13:30:11.126Z","user":"blt98f62022625b773c","version":1},{"environment":"blt9e54414c901c46fc","locale":"en-us","time":"2021-03-05T13:36:40.710Z","user":"blt215a9908477b47d0","version":1},{"environment":"blt9e54414c901c46fc","locale":"fr-fr","time":"2021-03-14T12:26:05.531Z","user":"blt215a9908477b47d0","version":1},{"environment":"blt9e54414c901c46fc","locale":"es-es","time":"2021-03-15T04:36:49.700Z","user":"blt215a9908477b47d0","version":1}]},"blta78f071b3b1dbd89":{"uid":"blta78f071b3b1dbd89","content_type":"image/jpeg","file_size":"253305","tags":[],"filename":"gaming2.jpg","url":"https://images.contentstack.io/v3/assets/bltbfc481de4ed665dc/blta78f071b3b1dbd89/604232671dc8c355e0eae5ee/gaming2.jpg","ACL":{"roles":[],"others":{"read":false,"create":false,"update":false,"delete":false,"sub_acl":{"read":false,"create":false,"update":false,"delete":false,"publish":false}}},"is_dir":false,"_version":1,"title":"gaming2.jpg","publish_details":[{"environment":"blt9e54414c901c46fc","locale":"en-us","time":"2021-03-05T13:36:40.703Z","user":"blt215a9908477b47d0","version":1}]},"bltbb41ac210cbb3582":{"uid":"bltbb41ac210cbb3582","content_type":"image/jpeg","file_size":"229341","tags":[],"filename":"travel-blog-1.jpg","url":"https://images.contentstack.io/v3/assets/bltbfc481de4ed665dc/bltbb41ac210cbb3582/6042326de3f18a72ca95e890/travel-blog-1.jpg","ACL":{"roles":[],"others":{"read":false,"create":false,"update":false,"delete":false,"sub_acl":{"read":false,"create":false,"update":false,"delete":false,"publish":false}}},"is_dir":false,"parent_uid":null,"_version":1,"title":"travel-blog-1.jpg","publish_details":[{"environment":"blt9e54414c901c46fc","locale":"en-us","time":"2021-03-05T13:36:40.696Z","user":"blt215a9908477b47d0","version":1},{"environment":"blt09da51fd77f4b4d6","locale":"en-us","time":"2021-03-05T13:30:23.271Z","user":"blt98f62022625b773c","version":1},{"environment":"blt9e54414c901c46fc","locale":"fr-fr","time":"2021-03-14T12:26:05.515Z","user":"blt215a9908477b47d0","version":1},{"environment":"blt9e54414c901c46fc","locale":"es-es","time":"2021-03-15T04:36:49.683Z","user":"blt215a9908477b47d0","version":1}]},"blt400409d6c8100806":{"uid":"blt400409d6c8100806","content_type":"image/png","file_size":"78256","tags":[],"filename":"gaming-blog-post.png","url":"https://images.contentstack.io/v3/assets/bltbfc481de4ed665dc/blt400409d6c8100806/60423272fee68f5f8014606e/gaming-blog-post.png","ACL":{"roles":[],"others":{"read":false,"create":false,"update":false,"delete":false,"sub_acl":{"read":false,"create":false,"update":false,"delete":false,"publish":false}}},"is_dir":false,"parent_uid":null,"_version":1,"title":"gaming-blog-post.png","publish_details":[{"environment":"blt09da51fd77f4b4d6","locale":"en-us","time":"2021-03-05T13:30:28.041Z","user":"blt98f62022625b773c","version":1},{"environment":"blt9e54414c901c46fc","locale":"en-us","time":"2021-03-05T13:36:40.688Z","user":"blt215a9908477b47d0","version":1},{"environment":"blt9e54414c901c46fc","locale":"fr-fr","time":"2021-03-14T12:26:05.508Z","user":"blt215a9908477b47d0","version":1},{"environment":"blt9e54414c901c46fc","locale":"es-es","time":"2021-03-15T04:35:47.001Z","user":"blt215a9908477b47d0","version":1}]},"bltee82b139acae4a7f":{"uid":"bltee82b139acae4a7f","content_type":"image/png","file_size":"1251254","tags":[],"filename":"gatsby-starter-blogs.png","url":"https://images.contentstack.io/v3/assets/bltbfc481de4ed665dc/bltee82b139acae4a7f/6042325e873ae83efc6a1d53/gatsby-starter-blogs.png","ACL":{"roles":[],"others":{"read":false,"create":false,"update":false,"delete":false,"sub_acl":{"read":false,"create":false,"update":false,"delete":false,"publish":false}}},"is_dir":false,"_version":1,"title":"gatsby-starter-blogs.png","publish_details":[{"environment":"blt9e54414c901c46fc","locale":"en-us","time":"2021-03-05T13:36:40.716Z","user":"blt215a9908477b47d0","version":1}]},"blt9fa572afc69f0933":{"uid":"blt9fa572afc69f0933","content_type":"image/jpeg","file_size":"257210","tags":[],"filename":"gaming5.jpg","url":"https://images.contentstack.io/v3/assets/bltbfc481de4ed665dc/blt9fa572afc69f0933/604232787987415e0d2aa891/gaming5.jpg","ACL":{"roles":[],"others":{"read":false,"create":false,"update":false,"delete":false,"sub_acl":{"read":false,"create":false,"update":false,"delete":false,"publish":false}}},"is_dir":false,"_version":1,"title":"gaming5.jpg","publish_details":[{"environment":"blt09da51fd77f4b4d6","locale":"en-us","time":"2021-03-05T13:30:34.413Z","user":"blt98f62022625b773c","version":1},{"environment":"blt9e54414c901c46fc","locale":"en-us","time":"2021-03-05T13:36:40.680Z","user":"blt215a9908477b47d0","version":1},{"environment":"blt9e54414c901c46fc","locale":"fr-fr","time":"2021-03-14T12:26:05.501Z","user":"blt215a9908477b47d0","version":1},{"environment":"blt9e54414c901c46fc","locale":"es-es","time":"2021-03-15T04:35:46.994Z","user":"blt215a9908477b47d0","version":1}]},"blt1089aa77f26275ac":{"uid":"blt1089aa77f26275ac","content_type":"image/jpeg","file_size":"104784","tags":[],"filename":"science_and_technology.jpg","url":"https://images.contentstack.io/v3/assets/bltbfc481de4ed665dc/blt1089aa77f26275ac/6042327d6677456b7f64f682/science_and_technology.jpg","ACL":{"roles":[],"others":{"read":false,"create":false,"update":false,"delete":false,"sub_acl":{"read":false,"create":false,"update":false,"delete":false,"publish":false}}},"is_dir":false,"_version":1,"title":"science_and_technology.jpg","publish_details":[{"environment":"blt09da51fd77f4b4d6","locale":"en-us","time":"2021-03-05T13:30:39.102Z","user":"blt98f62022625b773c","version":1},{"environment":"blt9e54414c901c46fc","locale":"en-us","time":"2021-03-14T14:15:41.501Z","user":"blt215a9908477b47d0","version":1},{"environment":"blt9e54414c901c46fc","locale":"fr-fr","time":"2021-03-14T14:15:41.507Z","user":"blt215a9908477b47d0","version":1},{"environment":"blt9e54414c901c46fc","locale":"es-es","time":"2021-03-15T04:34:41.431Z","user":"blt215a9908477b47d0","version":1}]},"blta05ac6a909dd9f42":{"uid":"blta05ac6a909dd9f42","content_type":"image/jpeg","file_size":"42053","tags":[],"filename":"sports-blog-post.jpg","url":"https://images.contentstack.io/v3/assets/bltbfc481de4ed665dc/blta05ac6a909dd9f42/6042328670dd84690f201dc8/sports-blog-post.jpg","ACL":{"roles":[],"others":{"read":false,"create":false,"update":false,"delete":false,"sub_acl":{"read":false,"create":false,"update":false,"delete":false,"publish":false}}},"is_dir":false,"_version":1,"title":"sports-blog-post.jpg","publish_details":[{"environment":"blt9e54414c901c46fc","locale":"en-us","time":"2021-03-14T14:15:41.477Z","user":"blt215a9908477b47d0","version":1},{"environment":"blt09da51fd77f4b4d6","locale":"en-us","time":"2021-03-05T13:30:48.754Z","user":"blt98f62022625b773c","version":1},{"environment":"blt9e54414c901c46fc","locale":"fr-fr","time":"2021-03-14T14:15:41.483Z","user":"blt215a9908477b47d0","version":1},{"environment":"blt9e54414c901c46fc","locale":"es-es","time":"2021-03-15T04:31:18.733Z","user":"blt215a9908477b47d0","version":1}]},"blteaf7cdff638b5d79":{"uid":"blteaf7cdff638b5d79","content_type":"image/jpeg","file_size":"301820","tags":[],"filename":"gaming1.jpg","url":"https://images.contentstack.io/v3/assets/bltbfc481de4ed665dc/blteaf7cdff638b5d79/6042328398db9a7ed94cd995/gaming1.jpg","ACL":{"roles":[],"others":{"read":false,"create":false,"update":false,"delete":false,"sub_acl":{"read":false,"create":false,"update":false,"delete":false,"publish":false}}},"is_dir":false,"_version":1,"title":"gaming1.jpg","publish_details":[{"environment":"blt09da51fd77f4b4d6","locale":"en-us","time":"2021-03-05T13:30:44.944Z","user":"blt98f62022625b773c","version":1},{"environment":"blt9e54414c901c46fc","locale":"en-us","time":"2021-03-14T14:15:41.488Z","user":"blt215a9908477b47d0","version":1},{"environment":"blt9e54414c901c46fc","locale":"fr-fr","time":"2021-03-14T14:15:41.494Z","user":"blt215a9908477b47d0","version":1},{"environment":"blt9e54414c901c46fc","locale":"es-es","time":"2021-03-15T04:35:46.978Z","user":"blt215a9908477b47d0","version":1}]},"blt9fb576686a3c5764":{"uid":"blt9fb576686a3c5764","content_type":"image/jpeg","file_size":"119696","tags":[],"filename":"food-blog-banner.jpg","url":"https://images.contentstack.io/v3/assets/bltbfc481de4ed665dc/blt9fb576686a3c5764/6042328d627a9e2322c0451c/food-blog-banner.jpg","ACL":{"roles":[],"others":{"read":false,"create":false,"update":false,"delete":false,"sub_acl":{"read":false,"create":false,"update":false,"delete":false,"publish":false}}},"is_dir":false,"_version":1,"title":"food-blog-banner.jpg","publish_details":[{"environment":"blt09da51fd77f4b4d6","locale":"en-us","time":"2021-03-05T13:30:54.919Z","user":"blt98f62022625b773c","version":1},{"environment":"blt9e54414c901c46fc","locale":"en-us","time":"2021-03-14T14:15:41.463Z","user":"blt215a9908477b47d0","version":1},{"environment":"blt9e54414c901c46fc","locale":"fr-fr","time":"2021-03-14T14:15:41.470Z","user":"blt215a9908477b47d0","version":1},{"environment":"blt9e54414c901c46fc","locale":"es-es","time":"2021-03-15T04:32:28.911Z","user":"blt215a9908477b47d0","version":1}]},"blte73b5263f3bc6a6a":{"uid":"blte73b5263f3bc6a6a","content_type":"image/png","file_size":"208958","tags":[],"filename":"gatsby-starter-home.png","url":"https://images.contentstack.io/v3/assets/bltbfc481de4ed665dc/blte73b5263f3bc6a6a/60423291274a0c41707d3ebf/gatsby-starter-home.png","ACL":{"roles":[],"others":{"read":false,"create":false,"update":false,"delete":false,"sub_acl":{"read":false,"create":false,"update":false,"delete":false,"publish":false}}},"is_dir":false,"parent_uid":null,"_version":1,"title":"gatsby-starter-home.png","publish_details":[{"environment":"blt9e54414c901c46fc","locale":"en-us","time":"2021-03-14T14:15:41.449Z","user":"blt215a9908477b47d0","version":1},{"environment":"blt9e54414c901c46fc","locale":"fr-fr","time":"2021-03-14T14:15:41.456Z","user":"blt215a9908477b47d0","version":1}]},"blt77b110df609cfd84":{"uid":"blt77b110df609cfd84","content_type":"image/jpeg","file_size":"23641","tags":[],"filename":"Avatar_6.jpg","url":"https://images.contentstack.io/v3/assets/bltbfc481de4ed665dc/blt77b110df609cfd84/6042322951cb8858405377ba/Avatar_6.jpg","ACL":{"roles":[],"others":{"read":false,"create":false,"update":false,"delete":false,"sub_acl":{"read":false,"create":false,"update":false,"delete":false,"publish":false}}},"is_dir":false,"_version":1,"title":"Avatar_6.jpg","publish_details":[{"environment":"blt9e54414c901c46fc","locale":"en-us","time":"2021-03-05T13:36:54.008Z","user":"blt215a9908477b47d0","version":1},{"environment":"blt09da51fd77f4b4d6","locale":"en-us","time":"2021-03-05T13:29:15.314Z","user":"blt98f62022625b773c","version":1},{"environment":"blt9e54414c901c46fc","locale":"fr-fr","time":"2021-03-14T12:25:37.237Z","user":"blt215a9908477b47d0","version":1},{"environment":"blt9e54414c901c46fc","locale":"es-es","time":"2021-03-15T04:40:39.519Z","user":"blt215a9908477b47d0","version":1}]},"blt20b043fa83235ada":{"uid":"blt20b043fa83235ada","content_type":"image/png","file_size":"5607","tags":[],"filename":"avatar_4.png","url":"https://images.contentstack.io/v3/assets/bltbfc481de4ed665dc/blt20b043fa83235ada/6042322611b2757515a82625/avatar_4.png","ACL":{"roles":[],"others":{"read":false,"create":false,"update":false,"delete":false,"sub_acl":{"read":false,"create":false,"update":false,"delete":false,"publish":false}}},"is_dir":false,"_version":1,"title":"avatar_4.png","publish_details":[{"environment":"blt09da51fd77f4b4d6","locale":"en-us","time":"2021-03-05T13:29:11.844Z","user":"blt98f62022625b773c","version":1},{"environment":"blt9e54414c901c46fc","locale":"en-us","time":"2021-03-05T13:36:54.018Z","user":"blt215a9908477b47d0","version":1},{"environment":"blt9e54414c901c46fc","locale":"fr-fr","time":"2021-03-14T12:25:37.250Z","user":"blt215a9908477b47d0","version":1},{"environment":"blt9e54414c901c46fc","locale":"es-es","time":"2021-03-15T04:40:39.531Z","user":"blt215a9908477b47d0","version":1}]},"blt50f8d15fe17448a0":{"uid":"blt50f8d15fe17448a0","content_type":"image/jpeg","file_size":"1697671","tags":[],"filename":"foodBlog_post-compressed.jpg","url":"https://images.contentstack.io/v3/assets/bltbfc481de4ed665dc/blt50f8d15fe17448a0/60423240631ae3537be6fdc4/foodBlog_post-compressed.jpg","ACL":{"roles":[],"others":{"read":false,"create":false,"update":false,"delete":false,"sub_acl":{"read":false,"create":false,"update":false,"delete":false,"publish":false}}},"is_dir":false,"_version":1,"title":"foodBlog_post.jpg","description":"","publish_details":[{"environment":"blt9e54414c901c46fc","locale":"en-us","time":"2021-03-05T13:36:53.982Z","user":"blt215a9908477b47d0","version":1}]},"bltf1a7bb735d9b835d":{"uid":"bltf1a7bb735d9b835d","content_type":"image/jpeg","file_size":"1800322","tags":[],"filename":"eugenio-mazzone-6ywyo2qtaZ8-unsplash-compressed.jpg","url":"https://images.contentstack.io/v3/assets/bltbfc481de4ed665dc/bltf1a7bb735d9b835d/60423232f7f2cd70e9eb3463/eugenio-mazzone-6ywyo2qtaZ8-unsplash-compressed.jpg","ACL":{"roles":[],"others":{"read":false,"create":false,"update":false,"delete":false,"sub_acl":{"read":false,"create":false,"update":false,"delete":false,"publish":false}}},"is_dir":false,"parent_uid":null,"_version":1,"title":"eugenio-mazzone-6ywyo2qtaZ8-unsplash.jpg","description":"","publish_details":[{"environment":"blt9e54414c901c46fc","locale":"en-us","time":"2021-03-05T13:36:53.999Z","user":"blt215a9908477b47d0","version":1}]},"bltb283f9a079ef2e64":{"uid":"bltb283f9a079ef2e64","content_type":"image/jpeg","file_size":"1139848","tags":[],"filename":"education.jpg","url":"https://images.contentstack.io/v3/assets/bltbfc481de4ed665dc/bltb283f9a079ef2e64/604232399efd3a78bf8a2a79/education.jpg","ACL":{"roles":[],"others":{"read":false,"create":false,"update":false,"delete":false,"sub_acl":{"read":false,"create":false,"update":false,"delete":false,"publish":false}}},"is_dir":false,"_version":1,"title":"education.jpg","publish_details":[{"environment":"blt9e54414c901c46fc","locale":"en-us","time":"2021-03-05T13:36:53.991Z","user":"blt215a9908477b47d0","version":1},{"environment":"blt09da51fd77f4b4d6","locale":"en-us","time":"2021-03-05T13:29:31.129Z","user":"blt98f62022625b773c","version":1},{"environment":"blt9e54414c901c46fc","locale":"fr-fr","time":"2021-03-14T12:26:05.472Z","user":"blt215a9908477b47d0","version":1},{"environment":"blt9e54414c901c46fc","locale":"es-es","time":"2021-03-15T04:33:40.454Z","user":"blt215a9908477b47d0","version":1}]}}