[{"uid":"blt77b110df609cfd84","content_type":"image/jpeg","file_size":"23641","tags":[],"filename":"Avatar_6.jpg","url":"https://images.contentstack.io/v3/assets/bltbfc481de4ed665dc/blt77b110df609cfd84/6042322951cb8858405377ba/Avatar_6.jpg","ACL":{},"is_dir":false,"_version":1,"title":"Avatar_6.jpg","publish_details":[{"environment":"blt9e54414c901c46fc","locale":"en-us","time":"2021-03-05T13:36:54.008Z","user":"blt215a9908477b47d0","version":1},{"environment":"blt09da51fd77f4b4d6","locale":"en-us","time":"2021-03-05T13:29:15.314Z","user":"blt98f62022625b773c","version":1},{"environment":"blt9e54414c901c46fc","locale":"fr-fr","time":"2021-03-14T12:25:37.237Z","user":"blt215a9908477b47d0","version":1},{"environment":"blt9e54414c901c46fc","locale":"es-es","time":"2021-03-15T04:40:39.519Z","user":"blt215a9908477b47d0","version":1}]}]