[{"uid":"blt671db89d5b5c5eb6","content_type":"image/jpeg","file_size":"57312","tags":[],"filename":"travel-blog-3.jpg","url":"https://images.contentstack.io/v3/assets/bltbfc481de4ed665dc/blt671db89d5b5c5eb6/604232612f18d9430550c3c6/travel-blog-3.jpg","ACL":{},"is_dir":false,"_version":1,"title":"travel-blog-3.jpg","publish_details":[{"environment":"blt09da51fd77f4b4d6","locale":"en-us","time":"2021-03-05T13:30:11.126Z","user":"blt98f62022625b773c","version":1},{"environment":"blt9e54414c901c46fc","locale":"en-us","time":"2021-03-05T13:36:40.710Z","user":"blt215a9908477b47d0","version":1},{"environment":"blt9e54414c901c46fc","locale":"fr-fr","time":"2021-03-14T12:26:05.531Z","user":"blt215a9908477b47d0","version":1},{"environment":"blt9e54414c901c46fc","locale":"es-es","time":"2021-03-15T04:36:49.700Z","user":"blt215a9908477b47d0","version":1}]}]