[{"uid":"blt95d55e7a43eec73f","content_type":"image/jpeg","file_size":"39133","tags":[],"filename":"travel-blog-banner.jpg","url":"https://images.contentstack.io/v3/assets/bltbfc481de4ed665dc/blt95d55e7a43eec73f/6042329d436c51755b6dd917/travel-blog-banner.jpg","ACL":{},"is_dir":false,"_version":1,"title":"travel-blog-banner.jpg","publish_details":[{"environment":"blt9e54414c901c46fc","locale":"en-us","time":"2021-03-14T14:15:41.410Z","user":"blt215a9908477b47d0","version":1},{"environment":"blt09da51fd77f4b4d6","locale":"en-us","time":"2021-03-05T13:31:11.927Z","user":"blt98f62022625b773c","version":1},{"environment":"blt9e54414c901c46fc","locale":"fr-fr","time":"2021-03-14T14:15:41.417Z","user":"blt215a9908477b47d0","version":1},{"environment":"blt9e54414c901c46fc","locale":"es-es","time":"2021-03-15T04:36:49.708Z","user":"blt215a9908477b47d0","version":1}]}]