[{"uid":"blt7aa9aa45ff09bacd","content_type":"image/png","file_size":"63303","tags":[],"filename":"avatar_5.png","url":"https://images.contentstack.io/v3/assets/bltbfc481de4ed665dc/blt7aa9aa45ff09bacd/60423299907915409d454fd0/avatar_5.png","ACL":{},"is_dir":false,"parent_uid":null,"_version":1,"title":"avatar_5.png","publish_details":[{"environment":"blt9e54414c901c46fc","locale":"en-us","time":"2021-03-14T14:15:41.423Z","user":"blt215a9908477b47d0","version":1},{"environment":"blt09da51fd77f4b4d6","locale":"en-us","time":"2021-03-05T13:31:07.375Z","user":"blt98f62022625b773c","version":1},{"environment":"blt9e54414c901c46fc","locale":"fr-fr","time":"2021-03-14T14:15:41.429Z","user":"blt215a9908477b47d0","version":1},{"environment":"blt9e54414c901c46fc","locale":"es-es","time":"2021-03-15T04:40:39.505Z","user":"blt215a9908477b47d0","version":1}]}]