{"bltd0da550efb3884dd":{"title":"Sevinj Beumers","birth_date":"1970-01-15","author_description":"","profile":{"uid":"blt7aa9aa45ff09bacd","created_at":"2021-03-05T13:31:05.212Z","updated_at":"2021-03-05T13:31:05.212Z","created_by":"blt98f62022625b773c","updated_by":"blt98f62022625b773c","content_type":"image/png","file_size":"63303","tags":[],"filename":"avatar_5.png","url":"https://images.contentstack.io/v3/assets/bltbfc481de4ed665dc/blt7aa9aa45ff09bacd/60423299907915409d454fd0/avatar_5.png","ACL":[],"is_dir":false,"parent_uid":null,"_version":1,"title":"avatar_5.png","publish_details":[{"environment":"blt9e54414c901c46fc","locale":"en-us","time":"2021-03-14T14:15:41.423Z","user":"blt215a9908477b47d0","version":1},{"environment":"blt09da51fd77f4b4d6","locale":"en-us","time":"2021-03-05T13:31:07.375Z","user":"blt98f62022625b773c","version":1},{"environment":"blt9e54414c901c46fc","locale":"fr-fr","time":"2021-03-14T14:15:41.429Z","user":"blt215a9908477b47d0","version":1},{"environment":"blt9e54414c901c46fc","locale":"es-es","time":"2021-03-15T04:40:39.505Z","user":"blt215a9908477b47d0","version":1}]},"tags":[],"locale":"en-us","ACL":{},"uid":"bltd0da550efb3884dd","created_by":"blt98f62022625b773c","updated_by":"blt98f62022625b773c","created_at":"2021-03-05T13:31:51.518Z","updated_at":"2021-03-05T13:31:51.518Z","_version":1,"_in_progress":false,"publish_details":[{"environment":"blt9e54414c901c46fc","locale":"en-us","time":"2021-03-14T12:25:37.302Z","user":"blt215a9908477b47d0","version":1},{"environment":"blt09da51fd77f4b4d6","locale":"en-us","time":"2021-03-05T13:32:21.900Z","user":"blt98f62022625b773c","version":1},{"environment":"blt9e54414c901c46fc","locale":"fr-fr","time":"2021-03-14T12:25:37.257Z","user":"blt215a9908477b47d0","version":1},{"environment":"blt9e54414c901c46fc","locale":"es-es","time":"2021-03-15T04:40:39.538Z","user":"blt215a9908477b47d0","version":1}]},"bltc7a4442e419c5341":{"title":"Emelrich Antonino","birth_date":"1995-11-16","author_description":"","profile":{"uid":"blt7348834ac0081289","created_at":"2021-03-05T13:31:17.335Z","updated_at":"2021-03-05T13:31:17.335Z","created_by":"blt98f62022625b773c","updated_by":"blt98f62022625b773c","content_type":"image/jpeg","file_size":"20851","tags":[],"filename":"avatar_3.jpg","url":"https://images.contentstack.io/v3/assets/bltbfc481de4ed665dc/blt7348834ac0081289/604232a55ebf8220d5063638/avatar_3.jpg","ACL":[],"is_dir":false,"_version":1,"title":"avatar_3.jpg","publish_details":[{"environment":"blt9e54414c901c46fc","locale":"en-us","time":"2021-03-14T14:15:41.383Z","user":"blt215a9908477b47d0","version":1},{"environment":"blt09da51fd77f4b4d6","locale":"en-us","time":"2021-03-05T13:31:18.889Z","user":"blt98f62022625b773c","version":1},{"environment":"blt9e54414c901c46fc","locale":"fr-fr","time":"2021-03-14T14:15:41.391Z","user":"blt215a9908477b47d0","version":1},{"environment":"blt9e54414c901c46fc","locale":"es-es","time":"2021-03-15T04:40:39.512Z","user":"blt215a9908477b47d0","version":1}]},"tags":[],"locale":"en-us","ACL":{},"uid":"bltc7a4442e419c5341","created_by":"blt98f62022625b773c","updated_by":"blt98f62022625b773c","created_at":"2021-03-05T13:31:49.896Z","updated_at":"2021-03-05T13:31:49.896Z","_version":1,"_in_progress":false,"publish_details":[{"environment":"blt09da51fd77f4b4d6","locale":"en-us","time":"2021-03-05T13:32:23.689Z","user":"blt98f62022625b773c","version":1},{"environment":"blt9e54414c901c46fc","locale":"en-us","time":"2021-03-14T12:25:37.314Z","user":"blt215a9908477b47d0","version":1},{"environment":"blt9e54414c901c46fc","locale":"fr-fr","time":"2021-03-14T12:25:37.267Z","user":"blt215a9908477b47d0","version":1},{"environment":"blt9e54414c901c46fc","locale":"es-es","time":"2021-03-15T04:40:39.544Z","user":"blt215a9908477b47d0","version":1}]},"bltf85e739e079c10e2":{"title":"Arja Stern","birth_date":"1980-10-26","author_description":"","profile":{"uid":"blt77b110df609cfd84","created_at":"2021-03-05T13:29:13.644Z","updated_at":"2021-03-05T13:29:13.644Z","created_by":"blt98f62022625b773c","updated_by":"blt98f62022625b773c","content_type":"image/jpeg","file_size":"23641","tags":[],"filename":"Avatar_6.jpg","url":"https://images.contentstack.io/v3/assets/bltbfc481de4ed665dc/blt77b110df609cfd84/6042322951cb8858405377ba/Avatar_6.jpg","ACL":[],"is_dir":false,"_version":1,"title":"Avatar_6.jpg","publish_details":[{"environment":"blt9e54414c901c46fc","locale":"en-us","time":"2021-03-05T13:36:54.008Z","user":"blt215a9908477b47d0","version":1},{"environment":"blt09da51fd77f4b4d6","locale":"en-us","time":"2021-03-05T13:29:15.314Z","user":"blt98f62022625b773c","version":1},{"environment":"blt9e54414c901c46fc","locale":"fr-fr","time":"2021-03-14T12:25:37.237Z","user":"blt215a9908477b47d0","version":1},{"environment":"blt9e54414c901c46fc","locale":"es-es","time":"2021-03-15T04:40:39.519Z","user":"blt215a9908477b47d0","version":1}]},"tags":[],"locale":"en-us","ACL":{},"uid":"bltf85e739e079c10e2","created_by":"blt98f62022625b773c","updated_by":"blt98f62022625b773c","created_at":"2021-03-05T13:31:48.098Z","updated_at":"2021-03-05T13:31:48.098Z","_version":1,"_in_progress":false,"publish_details":[{"environment":"blt09da51fd77f4b4d6","locale":"en-us","time":"2021-03-05T13:32:26.528Z","user":"blt98f62022625b773c","version":1},{"environment":"blt9e54414c901c46fc","locale":"en-us","time":"2021-03-14T12:25:37.323Z","user":"blt215a9908477b47d0","version":1},{"environment":"blt9e54414c901c46fc","locale":"fr-fr","time":"2021-03-14T12:25:37.273Z","user":"blt215a9908477b47d0","version":1},{"environment":"blt9e54414c901c46fc","locale":"es-es","time":"2021-03-15T04:40:39.550Z","user":"blt215a9908477b47d0","version":1}]},"blt7e0b04b0089709b6":{"title":"Jakob Isaksen","birth_date":"1990-02-10","author_description":"","profile":{"uid":"blta1cbaf6187e45549","created_at":"2021-03-05T13:31:13.884Z","updated_at":"2021-03-05T13:31:13.884Z","created_by":"blt98f62022625b773c","updated_by":"blt98f62022625b773c","content_type":"image/jpeg","file_size":"20851","tags":[],"filename":"avatar_3.jpg","url":"https://images.contentstack.io/v3/assets/bltbfc481de4ed665dc/blta1cbaf6187e45549/604232a161e5336e1958f491/avatar_3.jpg","ACL":[],"is_dir":false,"parent_uid":null,"_version":1,"title":"avatar_3.jpg","publish_details":[{"environment":"blt09da51fd77f4b4d6","locale":"en-us","time":"2021-03-05T13:31:15.439Z","user":"blt98f62022625b773c","version":1},{"environment":"blt9e54414c901c46fc","locale":"en-us","time":"2021-03-14T14:15:41.398Z","user":"blt215a9908477b47d0","version":1},{"environment":"blt9e54414c901c46fc","locale":"fr-fr","time":"2021-03-14T14:15:41.404Z","user":"blt215a9908477b47d0","version":1},{"environment":"blt9e54414c901c46fc","locale":"es-es","time":"2021-03-15T04:40:39.525Z","user":"blt215a9908477b47d0","version":1}]},"tags":[],"locale":"en-us","ACL":{},"uid":"blt7e0b04b0089709b6","created_by":"blt98f62022625b773c","updated_by":"blt98f62022625b773c","created_at":"2021-03-05T13:31:46.311Z","updated_at":"2021-03-05T13:31:46.311Z","_version":1,"_in_progress":false,"publish_details":[{"environment":"blt9e54414c901c46fc","locale":"en-us","time":"2021-03-14T12:25:37.331Z","user":"blt215a9908477b47d0","version":1},{"environment":"blt09da51fd77f4b4d6","locale":"en-us","time":"2021-03-05T13:32:19.985Z","user":"blt98f62022625b773c","version":1},{"environment":"blt9e54414c901c46fc","locale":"fr-fr","time":"2021-03-14T12:25:37.280Z","user":"blt215a9908477b47d0","version":1},{"environment":"blt9e54414c901c46fc","locale":"es-es","time":"2021-03-15T04:40:39.557Z","user":"blt215a9908477b47d0","version":1}]},"bltb3bdd4f458e693be":{"title":"Cathasach Thomas","birth_date":"1985-06-13","author_description":"","profile":{"uid":"blt20b043fa83235ada","created_at":"2021-03-05T13:29:10.118Z","updated_at":"2021-03-05T13:29:10.118Z","created_by":"blt98f62022625b773c","updated_by":"blt98f62022625b773c","content_type":"image/png","file_size":"5607","tags":[],"filename":"avatar_4.png","url":"https://images.contentstack.io/v3/assets/bltbfc481de4ed665dc/blt20b043fa83235ada/6042322611b2757515a82625/avatar_4.png","ACL":[],"is_dir":false,"_version":1,"title":"avatar_4.png","publish_details":[{"environment":"blt09da51fd77f4b4d6","locale":"en-us","time":"2021-03-05T13:29:11.844Z","user":"blt98f62022625b773c","version":1},{"environment":"blt9e54414c901c46fc","locale":"en-us","time":"2021-03-05T13:36:54.018Z","user":"blt215a9908477b47d0","version":1},{"environment":"blt9e54414c901c46fc","locale":"fr-fr","time":"2021-03-14T12:25:37.250Z","user":"blt215a9908477b47d0","version":1},{"environment":"blt9e54414c901c46fc","locale":"es-es","time":"2021-03-15T04:40:39.531Z","user":"blt215a9908477b47d0","version":1}]},"tags":[],"locale":"en-us","ACL":{},"uid":"bltb3bdd4f458e693be","created_by":"blt98f62022625b773c","updated_by":"blt98f62022625b773c","created_at":"2021-03-05T13:31:44.758Z","updated_at":"2021-03-05T13:31:44.758Z","_version":1,"_in_progress":false,"publish_details":[{"environment":"blt09da51fd77f4b4d6","locale":"en-us","time":"2021-03-05T13:32:25.079Z","user":"blt98f62022625b773c","version":1},{"environment":"blt9e54414c901c46fc","locale":"en-us","time":"2021-03-14T12:25:37.338Z","user":"blt215a9908477b47d0","version":1},{"environment":"blt9e54414c901c46fc","locale":"fr-fr","time":"2021-03-14T12:25:37.288Z","user":"blt215a9908477b47d0","version":1},{"environment":"blt9e54414c901c46fc","locale":"es-es","time":"2021-03-15T04:40:39.563Z","user":"blt215a9908477b47d0","version":1}]},"blt1102b1e78830aab1":{"title":"Eva Arias","birth_date":"1981-05-12","author_description":"","profile":{"uid":"blt20b043fa83235ada","created_at":"2021-03-05T13:29:10.118Z","updated_at":"2021-03-05T13:29:10.118Z","created_by":"blt98f62022625b773c","updated_by":"blt98f62022625b773c","content_type":"image/png","file_size":"5607","tags":[],"filename":"avatar_4.png","url":"https://images.contentstack.io/v3/assets/bltbfc481de4ed665dc/blt20b043fa83235ada/6042322611b2757515a82625/avatar_4.png","ACL":[],"is_dir":false,"_version":1,"title":"avatar_4.png","publish_details":[{"environment":"blt09da51fd77f4b4d6","locale":"en-us","time":"2021-03-05T13:29:11.844Z","user":"blt98f62022625b773c","version":1},{"environment":"blt9e54414c901c46fc","locale":"en-us","time":"2021-03-05T13:36:54.018Z","user":"blt215a9908477b47d0","version":1},{"environment":"blt9e54414c901c46fc","locale":"fr-fr","time":"2021-03-14T12:25:37.250Z","user":"blt215a9908477b47d0","version":1},{"environment":"blt9e54414c901c46fc","locale":"es-es","time":"2021-03-15T04:40:39.531Z","user":"blt215a9908477b47d0","version":1}]},"tags":[],"locale":"en-us","ACL":{},"uid":"blt1102b1e78830aab1","created_by":"blt98f62022625b773c","updated_by":"blt98f62022625b773c","created_at":"2021-03-05T13:31:42.834Z","updated_at":"2021-03-05T13:31:42.834Z","_version":1,"_in_progress":false,"publish_details":[{"environment":"blt09da51fd77f4b4d6","locale":"en-us","time":"2021-03-05T13:32:18.078Z","user":"blt98f62022625b773c","version":1},{"environment":"blt9e54414c901c46fc","locale":"en-us","time":"2021-03-14T12:25:37.346Z","user":"blt215a9908477b47d0","version":1},{"environment":"blt9e54414c901c46fc","locale":"fr-fr","time":"2021-03-14T12:25:37.295Z","user":"blt215a9908477b47d0","version":1},{"environment":"blt9e54414c901c46fc","locale":"es-es","time":"2021-03-15T04:40:39.569Z","user":"blt215a9908477b47d0","version":1}]}}