[{"uid":"blt1089aa77f26275ac","content_type":"image/jpeg","file_size":"104784","tags":[],"filename":"science_and_technology.jpg","url":"https://images.contentstack.io/v3/assets/bltbfc481de4ed665dc/blt1089aa77f26275ac/6042327d6677456b7f64f682/science_and_technology.jpg","ACL":{},"is_dir":false,"_version":1,"title":"science_and_technology.jpg","publish_details":[{"environment":"blt09da51fd77f4b4d6","locale":"en-us","time":"2021-03-05T13:30:39.102Z","user":"blt98f62022625b773c","version":1},{"environment":"blt9e54414c901c46fc","locale":"en-us","time":"2021-03-14T14:15:41.501Z","user":"blt215a9908477b47d0","version":1},{"environment":"blt9e54414c901c46fc","locale":"fr-fr","time":"2021-03-14T14:15:41.507Z","user":"blt215a9908477b47d0","version":1},{"environment":"blt9e54414c901c46fc","locale":"es-es","time":"2021-03-15T04:34:41.431Z","user":"blt215a9908477b47d0","version":1}]}]